region,type,2001Q1,2001Q2,2001Q3,2001Q4,2002Q1,2002Q2,2002Q3,2002Q4,2003Q1,2003Q2,2003Q3,2003Q4,2004Q1,2004Q2,2004Q3,2004Q4,2005Q1,2005Q2,2005Q3,2005Q4,2006Q1,2006Q2,2006Q3,2006Q4,2007Q1,2007Q2,2007Q3,2007Q4,2008Q1,2008Q2,2008Q3,2008Q4,2009Q1,2009Q2,2009Q3,2009Q4,2010Q1,2010Q2,2010Q3,2010Q4,2011Q1,2011Q2,2011Q3,2011Q4,2012Q1,2012Q2,2012Q3,2012Q4,2013Q1,2013Q2,2013Q3,2013Q4,2014Q1,2014Q2,2014Q3,2014Q4,2015Q1,2015Q2,2015Q3,2015Q4,2016Q1,2016Q2,2016Q3,2016Q4,2017Q1,2017Q2
Border,Numbers in Employment,170.4,174.2,175.4,174.1,172.5,173.9,176.8,177.7,176.5,179.2,184.1,187.6,189.6,192.3,197.5,197.3,198.3,198.2,202.4,203.8,205.9,210.6,213.4,217.6,218,221.8,221.9,221.1,218.7,217.8,216.1,216.2,198.5,196.8,198.5,190.3,190.3,190.1,190.5,187.4,187.1,187.1,185.1,180.8,174.5,174.6,172.4,171.5,176.8,183.1,181.8,185.8,183.8,185,190.7,185.8,190.7,193.1,195.4,195,195.7,196.9,196.3,197.5,195.4,196.7
Border,Numbers in Employment Change,0,2.230046948,0.688863375,-0.741163056,-0.919012062,0.811594203,1.667625072,0.509049774,-0.675295442,1.529745042,2.734375,1.901140684,1.066098081,1.424050633,2.704108164,-0.101265823,0.506842372,-0.050428643,2.119071645,0.691699605,1.030421982,2.282661486,1.329534663,1.968134958,0.183823529,1.743119266,0.045085663,-0.360522758,-1.085481682,-0.411522634,-0.780532599,0.046274873,-8.186864015,-0.856423174,0.863821138,-4.130982368,0,-0.105097215,0.210415571,-1.627296588,-0.160085379,0,-1.068947087,-2.323068612,-3.484513274,0.05730659,-1.26002291,-0.522041763,3.090379009,3.563348416,-0.709994539,2.200220022,-1.076426265,0.652883569,3.081081081,-2.56948086,2.637244349,1.258521238,1.191092698,-0.204708291,0.358974359,0.613183444,-0.30472321,0.611309221,-1.063291139,0.665301945
Border,Numbers Unemployed,10.4,10.8,12.3,11.5,12.1,13.1,11.8,13.1,12.6,11.9,12,11,11.5,11.7,11.3,10.7,9.8,11.9,11.4,10.4,10.6,12.4,13.9,11,13.4,13.9,14.1,14,13.7,16,19.2,20,27,31.6,32.7,29.7,24.2,29.7,30.2,29.2,28.1,33.4,31.7,29.1,31.7,34.8,37.2,33.9,32.4,33.2,32.5,29,27.6,27.7,25.3,20.6,21.5,20,19.9,18.6,18.2,19.7,19.7,17.1,15.7,13.8
Border,Numbers in Labour Force,180.7,185,187.6,185.6,184.6,187,188.7,190.8,189.1,191.1,196.1,198.6,201.2,203.9,208.9,208,208.2,210.1,213.8,214.3,216.5,223,227.3,228.6,231.3,235.7,236,235.2,232.4,233.8,235.3,236.2,225.4,228.4,231.2,220,214.5,219.8,220.6,216.6,215.2,220.5,216.7,210,206.2,209.4,209.6,205.4,209.3,216.3,214.3,214.8,211.4,212.8,216,206.4,212.2,213.1,215.2,213.6,213.9,216.6,216,214.6,211.2,210.5
Border,Unemployment Rate,5.8,5.9,6.6,6.2,6.6,7.1,6.3,6.9,6.7,6.2,6.1,5.6,5.8,5.7,5.5,5.2,4.7,5.7,5.4,4.9,4.9,5.6,6.1,4.8,5.8,5.9,6,6,5.9,6.9,8.2,8.5,12,13.9,14.2,13.5,11.3,13.5,13.7,13.5,13.1,15.2,14.7,13.9,15.5,16.7,17.8,16.6,15.6,15.4,15.2,13.6,13.2,13.1,11.8,10.1,10.2,9.4,9.3,8.7,8.6,9.2,9.2,8,7.5,6.6
Border,ILO Participation Rate,55.1,56.2,56.7,55.8,55.3,55.7,55.9,56.2,55.4,55.8,56.8,57,57.4,58,59.1,58.5,58.3,58.6,59.2,59,59.3,60.4,61,60.9,61.2,62,61.6,61,60,60,60,59.9,56.9,57.4,58.1,55.3,53.8,55.2,55.3,54.2,53.9,55.2,54.4,52.9,52.1,53.1,53.3,52.4,53.3,55.1,54.8,55.2,54.6,55,56.2,54,55.7,56.2,56.8,56.5,56.3,57,56.6,56.2,55.1,54.7
Midland,Numbers in Employment,90.6,93.2,94.6,93.8,95,99.5,97.7,98.9,100.4,100.8,102.6,102.6,103.3,104.6,108.7,106.6,109.4,110.5,114,113.6,114.8,116.4,120.3,120.1,121.4,124,127.7,126.1,125.2,121.3,121.6,118.1,111.1,110.7,111.5,109.8,109.5,105.2,104.2,103.4,104.4,108.4,101.7,102.8,104.8,105.2,105.3,105.7,106.9,109.7,111.2,111.1,110.2,113.5,112.8,113.7,114,116,119.2,120.8,117.4,116.6,120.1,121.6,121.3,122.4
Midland,Numbers in Employment Change,0,2.869757174,1.502145923,-0.845665962,1.279317697,4.736842105,-1.809045226,1.228249744,1.516683519,0.398406375,1.785714286,0,0.682261209,1.258470474,3.919694073,-1.931922723,2.626641651,1.005484461,3.167420814,-0.350877193,1.056338028,1.393728223,3.350515464,-0.166251039,1.082431307,2.141680395,2.983870968,-1.25293657,-0.71371927,-3.115015974,0.247320692,-2.878289474,-5.927180356,-0.360036004,0.722673893,-1.524663677,-0.273224044,-3.926940639,-0.950570342,-0.767754319,0.967117988,3.831417625,-6.180811808,1.081612586,1.945525292,0.381679389,0.095057034,0.379867047,1.135288553,2.619270346,1.367365542,-0.089928058,-0.810081008,2.994555354,-0.616740088,0.79787234,0.263852243,1.754385965,2.75862069,1.342281879,-2.814569536,-0.681431005,3.001715266,1.248959201,-0.246710526,0.906842539
Midland,Numbers Unemployed,3.9,4.1,4.1,3.8,4.1,4.2,4,4.3,4.8,5.6,4.6,4.1,5,5.8,4.9,4.7,3.9,5.4,4.3,4,4.1,4.9,5.7,3.7,5.4,5.6,4.9,6.5,6.5,9.3,11.8,12.6,15.2,19.3,19.8,19.1,19.5,18.7,22.8,20.3,21.5,22.9,24.7,23.6,24.2,23.5,22.2,21.5,22,20,18.7,17.6,18.4,18.4,19.1,17.2,16.2,16.5,16.8,14.7,15.3,13.9,13.4,10.3,10.2,11
Midland,Numbers in Labour Force,94.4,97.3,98.7,97.6,99.1,103.7,101.7,103.1,105.2,106.4,107.2,106.7,108.3,110.4,113.6,111.3,113.3,115.9,118.3,117.6,118.8,121.3,126.1,123.8,126.8,129.6,132.6,132.6,131.8,130.6,133.4,130.7,126.3,130,131.2,128.9,129,123.9,127.1,123.7,125.9,131.3,126.4,126.5,129,128.7,127.6,127.2,128.9,129.7,129.9,128.8,128.6,131.8,131.9,130.9,130.1,132.5,136,135.4,132.7,130.6,133.5,131.9,131.6,133.4
Midland,Unemployment Rate,4.1,4.2,4.2,3.9,4.1,4.1,4,4.1,4.6,5.3,4.3,3.9,4.7,5.3,4.3,4.2,3.5,4.7,3.6,3.4,3.4,4,4.6,3,4.3,4.3,3.7,4.9,5,7.2,8.9,9.7,12.1,14.9,15.2,14.9,15.2,15.2,18.1,16.4,17.2,17.5,19.6,18.8,18.9,18.4,17.6,17,17.1,15.4,14.5,13.8,14.5,14.1,14.6,13.2,12.5,12.5,12.4,10.9,11.6,10.7,10.1,7.9,7.8,8.3
Midland,ILO Participation Rate,55.9,57.3,57.8,56.8,57.3,59.7,58.1,58.5,59.4,59.8,59.8,59,59.6,60.4,61.7,60,60.7,61.7,62.2,61,61.1,61.7,63.4,61.6,62.5,63.3,64.3,63.7,62.9,62,63.1,61.7,59.5,61,61.4,60.2,60.2,57.7,59,57.1,58.1,60.4,58,58,59,58.9,58.2,57.8,58.6,59.1,59.3,59,58.4,59.6,59.7,59.1,58.5,59.1,60.4,60.3,58.8,58.5,59.5,58.6,58.2,58.6
West,Numbers in Employment,160.2,162,170.1,167.5,167.1,167.3,172.1,170,171.6,171.9,175.4,177,177.6,179.1,187.5,184.8,186.1,190.3,192.7,192.2,192.4,194.4,198.5,197.8,201.1,202.7,207.2,206.4,204.8,207.4,205.4,198.8,194.6,195.2,190.4,186.7,183.5,184.3,180.7,181.5,177.4,179,180.9,178.8,177.1,179.5,181.9,180.9,184,183.7,185.6,185.9,182.4,178.3,181.9,181.1,177,183.3,180.2,178.6,176.6,185,186.4,188.4,194.9,187.9
West,Numbers in Employment Change,0,1.123595506,5,-1.52851264,-0.23880597,0.119688809,2.86909743,-1.220220802,0.941176471,0.174825175,2.036067481,0.912200684,0.338983051,0.844594595,4.690117253,-1.44,0.703463203,2.256851155,1.261166579,-0.25947068,0.104058273,1.03950104,2.109053498,-0.352644836,1.668351871,0.795624068,2.2200296,-0.386100386,-0.775193798,1.26953125,-0.964320154,-3.213242454,-2.112676056,0.308324769,-2.459016393,-1.943277311,-1.713979646,0.435967302,-1.953336951,0.442722745,-2.258953168,0.901916573,1.061452514,-1.160862355,-0.950782998,1.355166573,1.337047354,-0.549752611,1.713653952,-0.163043478,1.034295046,0.161637931,-1.882732652,-2.247807018,2.019068985,-0.439802089,-2.263942573,3.559322034,-1.691216585,-0.887902331,-1.119820829,4.756511891,0.756756757,1.072961373,3.450106157,-3.591585428
West,Numbers Unemployed,6.5,7.4,7.4,8,8.5,9.3,7.6,8.8,8.2,7.6,9,6.6,8,6.8,7.2,7.8,7.9,8.1,8.4,8,9.4,9.7,11.3,8.5,8.1,10.2,10.3,8.4,12.4,14.7,16.7,20.7,24.4,30,31.8,27.6,29,33.5,34.3,33,35.2,36.7,35.1,32.4,34.1,34.8,32.8,30.4,27.2,29,29,25,22.4,27,23.5,20.6,23.2,21.3,22.2,20.8,19.9,19.1,18.4,16.1,14.3,13.8
West,Numbers in Labour Force,166.7,169.4,177.4,175.5,175.7,176.6,179.7,178.8,179.9,179.5,184.4,183.6,185.7,185.9,194.7,192.7,194,198.3,201,200.3,201.8,204,209.8,206.3,209.2,212.9,217.5,214.8,217.3,222.1,222.2,219.5,218.9,225.2,222.1,214.2,212.4,217.8,215,214.5,212.6,215.8,216,211.2,211.2,214.3,214.7,211.3,211.2,212.7,214.6,210.9,204.8,205.3,205.4,201.7,200.2,204.6,202.4,199.5,196.5,204.1,204.7,204.5,209.1,201.8
West,Unemployment Rate,3.9,4.4,4.2,4.6,4.9,5.3,4.3,4.9,4.6,4.3,4.9,3.6,4.4,3.7,3.7,4.1,4.1,4.1,4.2,4,4.7,4.8,5.4,4.2,3.9,4.8,4.8,4,5.8,6.7,7.6,9.5,11.2,13.4,14.4,12.9,13.7,15.5,16.1,15.5,16.7,17.2,16.4,15.4,16.2,16.3,15.3,14.5,12.9,13.7,13.6,12,11,13.2,11.5,10.3,11.7,10.5,11.1,10.6,10.2,9.5,9.1,7.9,6.9,6.9
West,ILO Participation Rate,57.9,58.5,60.6,59.3,58.9,58.7,59.3,58.5,58.5,58.2,59.5,59,59.5,59.3,61.5,60.3,60.3,61.2,61.7,61,61.2,62.2,63.2,61.6,62,62.7,63.8,62.7,63.2,64.4,64.1,63.1,62.8,64.4,63.6,61.4,61,62.6,61.8,61.6,61,61.9,62.2,61,61.2,62.3,62.5,61.2,61.3,62.1,63.1,62.2,60.1,60.2,60.5,59.5,59.1,60.3,59.7,58.8,58,59.7,59.4,59.4,60.5,58.4
Dublin,Numbers in Employment,544.4,545.7,556.6,551.7,547.5,545.2,550.2,546.8,544.2,549.6,551,552.2,547.9,550,561.8,565.8,565.6,576.5,588,591.2,597.1,596.1,612.7,623.3,628.2,629.4,640.5,640,636.3,637.7,635.9,617.1,598.4,586.7,575.2,574.3,565.2,562.1,559.3,552.6,546.3,555.2,543.5,548.8,541.5,547.4,548.4,556.3,547.1,555.1,570.1,572.1,572.9,576.4,576.5,587.5,584.9,591.8,605.6,610.4,611.7,617.5,621.5,629.9,627.2,627
Dublin,Numbers in Employment Change,0,0.238795004,1.997434488,-0.880344951,-0.761283306,-0.420091324,0.917094644,-0.617957107,-0.475493782,0.992282249,0.254730713,0.217785844,-0.778703368,0.383281621,2.145454545,0.711997152,-0.03534818,1.927157001,1.994796184,0.544217687,0.99797023,-0.167476135,2.784767656,1.730047331,0.786138296,0.191021968,1.763584366,-0.078064012,-0.578125,0.220022002,-0.282264388,-2.956439692,-3.03030303,-1.955213904,-1.960115903,-0.156467316,-1.584537698,-0.548478415,-0.498132005,-1.197925979,-1.140065147,1.629141497,-2.107348703,0.975160994,-1.330174927,1.08956602,0.182681768,1.44055434,-1.65378393,1.462255529,2.702215817,0.350815646,0.139835693,0.610926863,0.017349063,1.908065915,-0.442553191,1.179688836,2.331868875,0.792602378,0.212975098,0.948177211,0.647773279,1.351568785,-0.428639467,-0.031887755
Dublin,Numbers Unemployed,14.7,17.7,19.9,18.1,20.2,22.3,24.2,24.2,23.7,22.6,26.4,23.4,27.5,24.3,25.1,23.1,24.6,28.7,28.3,26.7,29.2,30.6,29.8,28,29.5,32.7,31.7,30.2,32.7,34.3,45.1,46.1,59.1,69.2,72.6,71.4,71.1,74.8,76.2,82.4,79.5,77.9,83.8,81.7,82.6,76.9,81.3,69.8,70,75.4,67.1,63.2,66.2,64.1,65.4,55.5,56.2,51.8,52.2,50,45.5,54.2,50.5,40.3,41.7,42
Dublin,Numbers in Labour Force,559.1,563.4,576.5,569.8,567.7,567.5,574.4,571,567.9,572.2,577.4,575.6,575.4,574.3,586.9,588.9,590.2,605.2,616.3,617.9,626.4,626.8,642.5,651.3,657.8,662.2,672.2,670.1,669,672.1,681,663.2,657.5,655.9,647.9,645.8,636.4,636.9,635.5,635,625.7,633.1,627.3,630.5,624.1,624.3,629.7,626,617,630.5,637.2,635.3,639.1,640.5,641.9,642.9,641.1,643.6,657.8,660.4,657.2,671.7,672,670.2,668.9,669.1
Dublin,Unemployment Rate,2.6,3.1,3.5,3.2,3.6,3.9,4.2,4.2,4.2,4,4.6,4.1,4.8,4.2,4.3,3.9,4.2,4.7,4.6,4.3,4.7,4.9,4.6,4.3,4.5,4.9,4.7,4.5,4.9,5.1,6.6,7,9,10.6,11.2,11.1,11.2,11.8,12,13,12.7,12.3,13.4,13,13.3,12.3,12.9,11.2,11.4,12,10.6,10,10.4,10,10.2,8.7,8.8,8.1,8,7.6,6.9,8.1,7.5,6,6.3,6.3
Dublin,ILO Participation Rate,63,63.3,64.4,63.2,62.8,62.5,63,62.5,62,62.3,62.7,62.3,62.1,61.8,62.9,62.8,62.7,64,64.7,64.3,64.8,64.8,65.5,65.6,65.7,65.6,66.3,65.8,65.5,65.6,66.5,64.8,64.2,64,63.4,63.2,62.4,62.5,62.4,62.4,61.5,62.2,61.7,62.2,61.6,61.7,62.2,61.9,60.9,62.5,62.7,62.2,62.6,63,63,62.8,62.1,62.2,63.2,63.2,62.9,64,63.8,63.5,63.1,62.9
Mid-East,Numbers in Employment,186.6,189.9,193.6,192.6,191.7,195.3,201.9,198.6,200.5,205.2,203.6,204.6,205.3,209.4,213.5,215.2,221.3,223.5,228.3,228.8,232.3,235.2,238.2,240.5,246.6,250.6,255.6,251.9,254.6,252.9,246.8,244.7,232.2,232.9,231.1,232.3,228.6,228.1,228.5,226.3,222.7,223.7,226.6,229.9,228.8,222.7,223.5,225.5,220.6,219,216.7,225.9,225.1,228.5,229.6,237.9,234.6,232.7,231.2,235.8,231.4,242.2,239.5,241.6,243.6,247.4
Mid-East,Numbers in Employment Change,0,1.768488746,1.948393892,-0.516528926,-0.46728972,1.877934272,3.379416283,-1.634472511,0.956696878,2.344139651,-0.779727096,0.491159136,0.342130987,1.997077448,1.957975167,0.796252927,2.834572491,0.994125621,2.147651007,0.219010074,1.52972028,1.248385708,1.275510204,0.965575147,2.536382536,1.622060016,1.995211492,-1.447574335,1.07185391,-0.667714061,-2.412020561,-0.85089141,-5.108295872,0.301464255,-0.77286389,0.519255733,-1.592767972,-0.21872266,0.175361683,-0.962800875,-1.590808661,0.449034576,1.296379079,1.45631068,-0.4784689,-2.666083916,0.359227661,0.894854586,-2.172949002,-0.725294651,-1.050228311,4.245500692,-0.354139,1.510439805,0.481400438,3.614982578,-1.387137453,-0.809889173,-0.64460679,1.989619377,-1.865988126,4.667242869,-1.114781173,0.876826722,0.82781457,1.559934319
Mid-East,Numbers Unemployed,5.8,6,8,5.9,6.5,6.8,7.6,7.1,6.1,7.3,8.3,7.4,7.3,7.3,6.4,6.2,6.7,7.3,9,6.7,8.1,8.3,9,7.2,9.9,10.7,10.5,9.4,9.5,12.2,15.3,16,23.9,28.7,31.7,30.1,34.8,34,31.4,33.1,33,31.8,33.5,32.7,33.2,35.8,35.9,32,36.7,36.9,35.9,32.2,29.6,27.7,27.4,22,19.7,22.2,20.3,19.3,14.5,17.7,17.7,13.5,12.7,15.2
Mid-East,Numbers in Labour Force,192.4,195.9,201.5,198.5,198.2,202.1,209.5,205.7,206.6,212.5,212,212,212.6,216.8,219.9,221.4,228,230.8,237.4,235.5,240.3,243.5,247.2,247.6,256.4,261.2,266.1,261.3,264.1,265,262,260.6,256.1,261.6,262.8,262.4,263.4,262.1,259.8,259.4,255.8,255.6,260.1,262.6,262,258.5,259.4,257.5,257.3,255.8,252.6,258.1,254.7,256.2,257,259.9,254.3,254.9,251.5,255.1,245.9,259.9,257.2,255.1,256.2,262.5
Mid-East,Unemployment Rate,3,3,4,3,3.3,3.4,3.6,3.5,3,3.4,3.9,3.5,3.4,3.4,2.9,2.8,3,3.2,3.8,2.8,3.4,3.4,3.6,2.9,3.9,4.1,4,3.6,3.6,4.6,5.8,6.1,9.3,11,12.1,11.5,13.3,13,12.1,12.8,13,12.5,12.9,12.5,12.7,13.9,13.8,12.5,14.3,14.5,14.3,12.5,11.7,10.9,10.7,8.5,7.8,8.7,8.1,7.6,5.9,6.9,6.9,5.3,5,5.8
Mid-East,ILO Participation Rate,63,63.7,65,63.4,63,63.7,65.4,63.5,63.3,64.7,63.9,63.3,63.1,63.9,64.1,63.8,65.1,65.4,66.4,65.1,65.8,65.7,66,65.5,67.3,68,68.7,66.8,67,66.9,66,65.5,64.3,65.5,65.6,65.4,65.5,65.1,64.4,64.2,63.3,63.2,64.1,64.6,64.4,63.4,63.5,62.8,63.2,63,62.2,63.3,62.4,62.5,62.3,62.6,61.3,61.6,60.8,61.5,58.9,61.9,61.1,60.5,60.4,61.4
Mid-West,Numbers in Employment,143.6,145.4,152.5,150.6,150.3,151.2,154.8,149.4,151.2,152.8,156.1,152.6,156,158.7,160.8,160.1,161.8,165.5,171.8,172.4,173.4,174.6,173,171.5,172.2,175,173.4,173.2,173.2,174.2,167.6,168.5,160.2,158.1,156,155.4,150.4,151.2,152.1,151,153.9,156.7,154,154.6,150.4,150.1,150.9,150.1,146.5,150.9,153.1,151.3,144.5,148,155.6,152.8,148.6,152.3,157.4,153.1,153.9,157.6,162.4,164.4,157.9,161.9
Mid-West,Numbers in Employment Change,0,1.253481894,4.883081155,-1.245901639,-0.199203187,0.598802395,2.380952381,-3.488372093,1.204819277,1.058201058,2.159685864,-2.242152466,2.228047182,1.730769231,1.323251418,-0.435323383,1.061836352,2.286773795,3.806646526,0.349243306,0.580046404,0.692041522,-0.916380298,-0.867052023,0.408163265,1.62601626,-0.914285714,-0.115340254,0,0.577367206,-3.788748565,0.53699284,-4.925816024,-1.310861423,-1.328273245,-0.384615385,-3.217503218,0.531914894,0.595238095,-0.723208416,1.920529801,1.819363223,-1.723037652,0.38961039,-2.716688228,-0.199468085,0.532978015,-0.530152419,-2.398401066,3.003412969,1.457919152,-1.175702155,-4.494382022,2.422145329,5.135135135,-1.799485861,-2.748691099,2.489905787,3.348653972,-2.731893266,0.522534291,2.404158545,3.045685279,1.231527094,-3.95377129,2.533248892
Mid-West,Numbers Unemployed,5.9,5.6,7.5,5.9,6.3,5.6,5.9,6.4,6.6,7.8,9.1,7.8,8.5,8.5,9.3,8.3,8.1,8.9,8.9,6.9,7.9,7.8,10.3,8.7,10.5,10,10.4,9.5,9.9,11.7,15.1,16.1,20.9,23.9,25.4,26.3,27.1,29.9,30.3,31.1,28.6,29.9,31.5,29.1,28.6,28.9,30,27.4,27,26.2,24.5,18.2,22.2,22.5,20,17.3,16.7,19.1,16.9,14.1,13.2,14.6,12.9,10.4,11.5,11.5
Mid-West,Numbers in Labour Force,149.6,151.1,159.9,156.5,156.6,156.8,160.7,155.8,157.7,160.6,165.2,160.4,164.5,167.2,170.1,168.4,169.9,174.4,180.7,179.2,181.3,182.4,183.4,180.2,182.8,185,183.8,182.7,183,185.9,182.7,184.6,181.1,182,181.3,181.6,177.5,181.2,182.4,182.1,182.6,186.6,185.5,183.7,179,178.9,180.9,177.5,173.5,177.1,177.6,169.5,166.7,170.5,175.6,170.1,165.4,171.4,174.4,167.1,167.1,172.2,175.3,174.8,169.4,173.4
Mid-West,Unemployment Rate,4,3.7,4.7,3.8,4,3.6,3.7,4.1,4.2,4.9,5.5,4.9,5.2,5.1,5.5,4.9,4.8,5.1,4.9,3.8,4.4,4.3,5.7,4.9,5.8,5.5,5.7,5.2,5.4,6.3,8.3,8.8,11.6,13.2,14,14.5,15.3,16.6,16.7,17.1,15.8,16.1,17,15.9,16,16.2,16.7,15.5,15.6,14.8,13.8,10.7,13.3,13.2,11.4,10.2,10.2,11.2,9.8,8.5,7.9,8.5,7.4,6,6.8,6.7
Mid-West,ILO Participation Rate,57.1,57.4,60.5,58.9,58.7,58.6,59.8,57.9,58.5,59.4,61,59,60.4,61.2,61.8,60.8,61,62.3,64,63,63.4,64,63.9,62.4,62.9,63.4,62.6,61.7,61.5,62.3,61.2,61.8,60.7,60.9,60.6,60.7,59.3,60.5,60.9,61,61.2,62.8,62.3,61.6,60,59.9,60.5,59.6,58.6,59.8,60,57.2,56.6,57.8,59.6,57.7,56.2,58.2,59.5,57.1,57.1,58.3,59.4,59,57.2,58.6
South-East,Numbers in Employment,173.4,177.3,186.8,182.7,183.2,184.2,189.8,184.8,186.6,187.2,193.5,189.6,187.9,192.2,193.4,195.6,197.6,198.4,203.3,203.6,205.1,213.9,218.8,217.9,219.1,224.2,225.9,226.6,223.2,227,226.9,219.8,212.4,204,202.7,193.9,189.4,190.9,191.8,185.8,185.3,184.5,183.8,182.9,181.3,186,183.8,181.8,186.5,187.7,193.8,197.1,195.8,198.5,202.6,204.5,201.9,206.6,207.4,205.4,204.4,213.8,215.1,214.8,214.3,214.9
South-East,Numbers in Employment Change,0,2.249134948,5.358150028,-2.194860814,0.273672687,0.545851528,3.040173724,-2.634351949,0.974025974,0.321543408,3.365384615,-2.015503876,-0.896624473,2.288451304,0.624349636,1.13753878,1.022494888,0.4048583,2.469758065,0.147565175,0.736738703,4.290589956,2.290790089,-0.411334552,0.550711335,2.327704245,0.758251561,0.309871625,-1.500441306,1.702508961,-0.044052863,-3.129131776,-3.366696997,-3.95480226,-0.637254902,-4.341391219,-2.320783909,0.791974657,0.471451021,-3.128258603,-0.269106566,-0.431732326,-0.379403794,-0.489662677,-0.87479497,2.592388307,-1.182795699,-1.088139282,2.585258526,0.643431635,3.249866809,1.702786378,-0.659563673,1.378958121,2.065491184,0.93780849,-1.271393643,2.327885092,0.387221684,-0.964320154,-0.486854917,4.598825832,0.608044902,-0.139470014,-0.232774674,0.279981335
South-East,Numbers Unemployed,8.7,8.6,8.6,7.9,8.6,9.3,9.7,11.9,11.4,12.4,11.9,10.1,12.2,11.4,11.6,10.9,11.4,13.7,14,11.3,13.2,12.2,12.6,10.5,11.7,12,12.5,12.1,14.1,14.9,18.5,21.6,27,35.4,36.2,36.3,39.9,43.1,41.5,41.7,39.1,42.3,43.6,43.4,45.6,43.6,44.3,42.1,42,42.1,38.5,36.2,36.4,33,32.2,27.7,29.6,29.5,28.5,27.7,29.1,25.9,24.9,22.1,21.9,18.8
South-East,Numbers in Labour Force,182,185.9,195.5,190.7,191.8,193.6,199.5,196.7,198,199.6,205.4,199.7,200.1,203.7,205,206.5,208.9,212.1,217.3,215,218.3,226.1,231.4,228.4,230.7,236.2,238.4,238.8,237.3,241.9,245.3,241.3,239.4,239.4,238.8,230.2,229.3,234,233.3,227.4,224.5,226.8,227.4,226.2,226.9,229.5,228.1,224,228.6,229.9,232.2,233.3,232.3,231.5,234.8,232.2,231.5,236.1,236,233.1,233.5,239.6,240,237,236.2,233.8
South-East,Unemployment Rate,4.8,4.6,4.4,4.2,4.5,4.8,4.9,6.1,5.8,6.2,5.8,5.1,6.2,5.6,5.7,5.3,5.5,6.5,6.5,5.3,6.1,5.4,5.5,4.6,5.1,5.1,5.3,5.1,6,6.2,7.6,9,11.3,14.9,15.2,15.8,17.4,18.5,17.8,18.4,17.5,18.7,19.3,19.2,20.1,19.1,19.5,18.9,18.4,18.4,16.6,15.6,15.7,14.3,13.8,12,12.8,12.6,12.1,11.9,12.5,10.8,10.4,9.4,9.3,8.1
South-East,ILO Participation Rate,56.5,57.4,60,58.2,58.3,58.6,60.1,58.9,59.1,59.4,60.8,58.7,58.6,59.4,59.3,59.3,59.6,60.2,61.1,59.9,60.5,62.1,63,61.6,61.8,62.8,62.9,62.4,61.7,62.6,63.3,62.1,61.5,61.4,61.2,59,58.8,59.9,59.8,58.3,57.5,58.2,58.3,58,58.1,58.8,58.3,57.2,58.3,58.4,59,59.1,59,58.9,59.6,58.7,58.5,59.9,59.7,58.6,58.8,60,60.2,59.5,58.9,58
South-West,Numbers in Employment,241.3,250.6,257.4,249.7,249.8,252.2,259.4,251.3,252.2,253.3,264.6,259.9,262.1,266,279.3,274.3,277,281.7,293.5,289.6,288.5,293.8,303.2,302.6,304.2,308.5,317.4,310.6,310.2,309.1,316.2,300.3,289,289.7,288.2,278.7,275,281.6,278.9,269.3,264.6,266.6,270.1,269.1,266.6,270.7,274.9,277,277.1,280.7,287.1,280.6,273.5,273.3,277.2,275.6,277.8,283,286.5,283.9,285.4,285.4,299.1,290,290.5,304.7
South-West,Numbers in Employment Change,0,3.854123498,2.71348763,-2.991452991,0.040048058,0.960768615,2.854877082,-3.122590594,0.358137684,0.436161776,4.461113304,-1.776266062,0.846479415,1.487981686,5,-1.79018976,0.984323733,1.696750903,4.18885339,-1.32879046,-0.379834254,1.837088388,3.199455412,-0.197889182,0.528750826,1.413543721,2.884927066,-2.142407057,-0.128783001,-0.354609929,2.296991265,-5.028462998,-3.762903763,0.242214533,-0.517777011,-3.296321999,-1.327592393,2.4,-0.958806818,-3.44209394,-1.745265503,0.755857899,1.312828207,-0.370233247,-0.929022668,1.537884471,1.551533062,0.763914151,0.036101083,1.299169975,2.28001425,-2.264019505,-2.530292231,-0.073126143,1.427003293,-0.577200577,0.798258345,1.871850252,1.236749117,-0.907504363,0.528355055,0,4.800280308,-3.042460715,0.172413793,4.888123924
South-West,Numbers Unemployed,10.1,9.5,10.7,11.1,11.5,11.8,11.5,12.5,11.5,12.4,12.4,10.8,12.9,12.8,11.4,11.2,11,13,11.6,10.1,10.9,13.1,12.6,12.1,12.2,12.4,12.9,14.4,14.9,17.9,22.1,20.7,32.1,36.9,38.8,36.8,38.5,41.3,44,40.2,42.6,42.5,44.2,41.8,41.8,44.8,40.8,37.6,34.7,38,36.7,31.8,35.2,34.2,32.6,32.7,29.7,30.9,26.1,22.4,23.7,22.7,20.3,17.5,18.3,15.3
South-West,Numbers in Labour Force,251.3,260.1,268.1,260.8,261.2,263.9,270.8,263.8,263.7,265.7,276.9,270.7,275,278.8,290.7,285.5,288,294.7,305.1,299.7,299.4,307,315.9,314.7,316.4,320.8,330.4,325.1,325.1,327,338.2,320.9,321.1,326.6,327,315.5,313.5,323,322.9,309.5,307.2,309.1,314.3,310.9,308.5,315.6,315.7,314.6,311.8,318.7,323.8,312.4,308.7,307.5,309.8,308.3,307.5,313.9,312.7,306.3,309.1,308,319.4,307.5,308.8,320
South-West,Unemployment Rate,4,3.7,4,4.3,4.4,4.5,4.3,4.7,4.4,4.7,4.5,4,4.7,4.6,3.9,3.9,3.8,4.4,3.8,3.4,3.7,4.3,4,3.8,3.9,3.9,3.9,4.5,4.6,5.5,6.5,6.5,10,11.3,11.9,11.7,12.3,12.8,13.7,13,13.9,13.8,14.1,13.5,13.6,14.3,13,12,11.2,12,11.4,10.2,11.4,11.1,10.6,10.6,9.7,9.9,8.4,7.4,7.7,7.4,6.4,5.7,5.9,4.8
South-West,ILO Participation Rate,55.8,57.6,59,57.1,57,57.3,58.6,56.8,56.6,56.9,59,57.3,58.1,58.7,60.8,59.2,59.4,60.5,62.3,60.8,60.4,62,63.1,62.3,62.3,62.7,64.1,62.6,62.2,62.3,64.4,61,61,61.9,62.1,59.9,59.6,61.5,61.5,59,58.6,59,59.9,59.2,58.7,60,59.8,59.5,59,60.3,61.1,58.7,58.1,58,58.4,58.2,58.2,59.5,59.3,58.1,58.4,58.3,60.3,57.9,58.2,59.8
Ireland,Numbers in Employment,1710.4,1738.4,1786.9,1762.8,1757.2,1768.8,1802.7,1777.4,1783.1,1800.1,1831,1826.1,1829.7,1852.4,1902.5,1899.8,1917.2,1944.6,1994,1995.3,2009.5,2035.1,2078.4,2091.2,2110.6,2136.1,2169.6,2156,2146.4,2147.3,2136.4,2083.5,1996.4,1974,1953.6,1921.4,1891.9,1893.6,1886.1,1857.3,1841.8,1861.3,1845.6,1847.7,1825,1836.2,1841.3,1848.9,1845.6,1869.9,1899.3,1909.8,1888.2,1901.6,1926.9,1938.9,1929.5,1958.7,1983,1983,1976.5,2014.9,2040.5,2048.1,2045.1,2063
Ireland,Numbers in Employment Change,0,1.637043966,2.789921767,-1.34870446,-0.317676424,0.660141134,1.916553596,-1.40345038,0.320693147,0.953395771,1.716571302,-0.267613326,0.197141449,1.240640542,2.704599439,-0.141918528,0.915885883,1.429167536,2.540368199,0.065195587,0.71167243,1.273948743,2.127659574,0.615858353,0.927697016,1.208187245,1.568278639,-0.626843658,-0.445269017,0.041930675,-0.507614213,-2.476128066,-4.180465563,-1.122019635,-1.03343465,-1.648239148,-1.535338815,0.089856758,-0.396070976,-1.526960394,-0.834544769,1.058746878,-0.843496481,0.113784135,-1.228554419,0.61369863,0.277747522,0.41275186,-0.178484504,1.316644993,1.572276592,0.552835255,-1.131008483,0.709670586,1.330458561,0.622761949,-0.484810975,1.513345426,1.240618778,0,-0.327786183,1.942828232,1.270534518,0.372457731,-0.146477223,0.875262823
Ireland,Numbers Unemployed,66,69.7,78.4,72.2,77.7,82.5,82.3,88.3,85,87.5,93.7,81.3,93,88.5,87.4,82.9,83.4,96.9,95.9,84.2,93.3,99,105.1,89.6,100.7,107.5,107.5,104.6,113.6,131,163.7,173.8,229.5,275,288.9,277.3,284.1,305.1,310.6,310.9,307.6,317.4,328.1,313.9,321.9,323,324.5,294.6,292,300.7,282.9,253.2,258.1,254.5,245.5,213.6,212.8,211.2,203,187.5,179.5,187.8,177.7,147.4,146.2,141.5
Ireland,Numbers in Labour Force,1776.4,1808,1865.3,1834.9,1834.9,1851.3,1885,1865.7,1868.1,1887.5,1924.7,1907.3,1922.7,1941,1989.8,1982.6,2000.6,2041.5,2089.9,2079.4,2102.8,2134.1,2183.5,2180.8,2211.4,2243.6,2277.1,2260.6,2260,2278.3,2300.1,2257.2,2225.9,2248.9,2242.4,2198.7,2176,2198.7,2196.7,2168.2,2149.4,2178.7,2173.7,2161.5,2146.9,2159.1,2165.8,2143.5,2137.5,2170.7,2182.1,2163.1,2146.3,2156.1,2172.4,2152.5,2142.4,2169.9,2186,2170.5,2156,2202.7,2218.2,2195.6,2191.4,2204.5
Ireland,ILO Unemployment Rate,3.7,3.9,4.2,3.9,4.3,4.5,4.4,4.7,4.6,4.6,4.9,4.3,4.9,4.6,4.4,4.2,4.2,4.8,4.6,4.1,4.5,4.7,4.8,4.1,4.6,4.8,4.7,4.6,5,5.8,7.1,7.7,10.3,12.3,12.9,12.6,13.1,13.9,14.2,14.4,14.4,14.6,15.1,14.6,15,15,15,13.8,13.7,13.9,13,11.8,12.1,11.9,11.3,10,10,9.8,9.3,8.7,8.4,8.6,8,6.7,6.7,6.4
Ireland,ILO Participation Rate,59,59.8,61.3,59.9,59.6,59.8,60.6,59.7,59.5,59.9,60.8,59.9,60.2,60.5,61.6,60.9,61.2,62.1,63.1,62.2,62.5,63.2,63.9,63.3,63.7,64.1,64.7,63.8,63.5,63.7,64.2,62.9,61.9,62.5,62.3,61.1,60.5,61.1,61,60.2,59.7,60.5,60.4,60.1,59.7,60.1,60.2,59.6,59.5,60.5,60.7,60.1,59.7,60,60.4,59.8,59.4,60.2,60.5,60,59.5,60.6,60.8,60.1,59.8,59.9